-- BANDAS
SET @id_Banda1 = RANDOM_UUID();
INSERT INTO PESSOA (ID, NOME, EMAIL, TELEFONE, ATIVO) VALUES (@id_Banda1, 'The Beatles', 'beatles@email.com', '(63) 98489-8879', TRUE);
SET @id_Banda2 = RANDOM_UUID();
INSERT INTO PESSOA (ID, NOME, EMAIL, TELEFONE, ATIVO) VALUES (@id_Banda2, 'Pink Floyd', 'pinkfloyd@email.com', '(63) 98343-2589', TRUE);
SET @id_Banda3 = RANDOM_UUID();
INSERT INTO PESSOA (ID, NOME, EMAIL, TELEFONE, ATIVO) VALUES (@id_Banda3, 'Red Hot Chili Peppers', 'redhot@email.com', '(63) 98936-1824', TRUE);

INSERT INTO PESSOA_JURIDICA (ID, CNPJ, GENERO_MUSICAL) VALUES (@id_Banda1, '06.310.865/0001-30', 'Rock');
INSERT INTO PESSOA_JURIDICA (ID, CNPJ, GENERO_MUSICAL) VALUES (@id_Banda2, '22.591.902/0001-82', 'Rock Progressivo');
INSERT INTO PESSOA_JURIDICA (ID, CNPJ, GENERO_MUSICAL) VALUES (@id_Banda3, '16.525.982/0001-75', 'Rock Alternativo');

-- THE BEATLES
SET @id_Musico1 = RANDOM_UUID();
INSERT INTO PESSOA (ID, NOME, EMAIL, TELEFONE, ATIVO) VALUES (@id_Musico1, 'John Lennon', 'johnlennon@email.com', '(63) 91111-1111', TRUE);
SET @id_Musico2 = RANDOM_UUID();
INSERT INTO PESSOA (ID, NOME, EMAIL, TELEFONE, ATIVO) VALUES (@id_Musico2, 'Paul McCartney', 'paulmccartney@email.com', '(63) 92222-2222', TRUE);
SET @id_Musico3 = RANDOM_UUID();
INSERT INTO PESSOA (ID, NOME, EMAIL, TELEFONE, ATIVO) VALUES (@id_Musico3, 'George Harrison', 'georgeharrison@email.com', '(63) 93333-3333', TRUE);
SET @id_Musico4 = RANDOM_UUID();
INSERT INTO PESSOA (ID, NOME, EMAIL, TELEFONE, ATIVO) VALUES (@id_Musico4, 'Ringo Starr', 'ringostarr@email.com', '(63) 94444-4444', TRUE);

INSERT INTO PESSOA_FISICA (ID, CPF, INSTRUMENTO_PRINCIPAL) VALUES (@id_Musico1, '318.547.251-90','VOCAL');
INSERT INTO PESSOA_FISICA (ID, CPF, INSTRUMENTO_PRINCIPAL) VALUES (@id_Musico2, '427.845.123-10','BAIXO');
INSERT INTO PESSOA_FISICA (ID, CPF, INSTRUMENTO_PRINCIPAL) VALUES (@id_Musico3, '519.332.874-55','GUITARRA');
INSERT INTO PESSOA_FISICA (ID, CPF, INSTRUMENTO_PRINCIPAL) VALUES (@id_Musico4, '612.998.331-44','BATERIA');


INSERT INTO CONTRATO (ID, DATA_CONTRATO, VALOR_CONTRATO, BANDA_ID, MUSICO_ID, ATIVO) VALUES (RANDOM_UUID(), NOW(), '15000.00', @id_Banda1, @id_Musico1,TRUE);
INSERT INTO CONTRATO (ID, DATA_CONTRATO, VALOR_CONTRATO, BANDA_ID, MUSICO_ID, ATIVO) VALUES (RANDOM_UUID(), NOW(), '15000.00', @id_Banda1, @id_Musico2,TRUE);
INSERT INTO CONTRATO (ID, DATA_CONTRATO, VALOR_CONTRATO, BANDA_ID, MUSICO_ID, ATIVO) VALUES (RANDOM_UUID(), NOW(), '14000.00', @id_Banda1, @id_Musico3,TRUE);
INSERT INTO CONTRATO (ID, DATA_CONTRATO, VALOR_CONTRATO, BANDA_ID, MUSICO_ID, ATIVO) VALUES (RANDOM_UUID(), NOW(), '13000.00', @id_Banda1, @id_Musico4,TRUE);

-- PINK FLOYD
SET @id_Musico5 = RANDOM_UUID();
INSERT INTO PESSOA (ID, NOME, EMAIL, TELEFONE, ATIVO) VALUES (@id_Musico5, 'David Gilmour', 'davidgilmour@email.com', '(63) 95555-5555', TRUE);
SET @id_Musico6 = RANDOM_UUID();
INSERT INTO PESSOA (ID, NOME, EMAIL, TELEFONE, ATIVO) VALUES (@id_Musico6, 'Roger Waters', 'rogerwaters@email.com', '(63) 96666-6666', TRUE);
SET @id_Musico7 = RANDOM_UUID();
INSERT INTO PESSOA (ID, NOME, EMAIL, TELEFONE, ATIVO) VALUES (@id_Musico7, 'Richard Wright', 'richardwright@email.com', '(63) 97777-7777', TRUE);
SET @id_Musico8 = RANDOM_UUID();
INSERT INTO PESSOA (ID, NOME, EMAIL, TELEFONE, ATIVO) VALUES (@id_Musico8, 'Nick Mason', 'nickmason@email.com', '(63) 98888-8888', TRUE);

INSERT INTO PESSOA_FISICA (ID, CPF, INSTRUMENTO_PRINCIPAL) VALUES (@id_Musico5, '701.456.987-01','GUITARRA');
INSERT INTO PESSOA_FISICA (ID, CPF, INSTRUMENTO_PRINCIPAL) VALUES (@id_Musico7, '903.665.112-33','VOCAL');
INSERT INTO PESSOA_FISICA (ID, CPF, INSTRUMENTO_PRINCIPAL) VALUES (@id_Musico6, '802.334.778-22','TECLADO');
INSERT INTO PESSOA_FISICA (ID, CPF, INSTRUMENTO_PRINCIPAL) VALUES (@id_Musico8, '104.778.559-66','BATERIA');

INSERT INTO CONTRATO (ID, DATA_CONTRATO, VALOR_CONTRATO, BANDA_ID, MUSICO_ID, ATIVO) VALUES (RANDOM_UUID(), NOW(), '16000.00', @id_Banda2, @id_Musico5,TRUE);
INSERT INTO CONTRATO (ID, DATA_CONTRATO, VALOR_CONTRATO, BANDA_ID, MUSICO_ID, ATIVO) VALUES (RANDOM_UUID(), NOW(), '16000.00', @id_Banda2, @id_Musico6,TRUE);
INSERT INTO CONTRATO (ID, DATA_CONTRATO, VALOR_CONTRATO, BANDA_ID, MUSICO_ID, ATIVO) VALUES (RANDOM_UUID(), NOW(), '14500.00', @id_Banda2, @id_Musico7,TRUE);
INSERT INTO CONTRATO (ID, DATA_CONTRATO, VALOR_CONTRATO, BANDA_ID, MUSICO_ID, ATIVO) VALUES (RANDOM_UUID(), NOW(), '14000.00', @id_Banda2, @id_Musico8,TRUE);

-- RED HOT CHILI PEPPERS
SET @id_Musico9 = RANDOM_UUID();
INSERT INTO PESSOA (ID, NOME, EMAIL, TELEFONE, ATIVO) VALUES (@id_Musico9, 'Anthony Kiedis', 'anthonykiedis@email.com', '(63) 99991-1111', TRUE);
SET @id_Musico10 = RANDOM_UUID();
INSERT INTO PESSOA (ID, NOME, EMAIL, TELEFONE, ATIVO) VALUES (@id_Musico10, 'Flea', 'flea@email.com', '(63) 99992-2222', TRUE);
SET @id_Musico11 = RANDOM_UUID();
INSERT INTO PESSOA (ID, NOME, EMAIL, TELEFONE, ATIVO) VALUES (@id_Musico11, 'Chad Smith', 'chadsmith@email.com', '(63) 99993-3333', TRUE);
SET @id_Musico12 = RANDOM_UUID();
INSERT INTO PESSOA (ID, NOME, EMAIL, TELEFONE, ATIVO) VALUES (@id_Musico12, 'John Frusciante', 'johnfrusciante@email.com', '(63) 99994-4444', TRUE);

INSERT INTO PESSOA_FISICA (ID, CPF, INSTRUMENTO_PRINCIPAL) VALUES (@id_Musico9,'215.889.447-90','VOCAL');
INSERT INTO PESSOA_FISICA (ID, CPF, INSTRUMENTO_PRINCIPAL) VALUES (@id_Musico10,'316.774.552-18','BAIXO');
INSERT INTO PESSOA_FISICA (ID, CPF, INSTRUMENTO_PRINCIPAL) VALUES (@id_Musico11,'417.993.664-27','BATERIA');
INSERT INTO PESSOA_FISICA (ID, CPF, INSTRUMENTO_PRINCIPAL) VALUES (@id_Musico12,'518.224.331-08','GUITARRA');

INSERT INTO CONTRATO (ID, DATA_CONTRATO, VALOR_CONTRATO, BANDA_ID, MUSICO_ID, ATIVO) VALUES (RANDOM_UUID(), NOW(), '15500.00', @id_Banda3, @id_Musico9,TRUE);
INSERT INTO CONTRATO (ID, DATA_CONTRATO, VALOR_CONTRATO, BANDA_ID, MUSICO_ID, ATIVO) VALUES (RANDOM_UUID(), NOW(), '15500.00', @id_Banda3, @id_Musico10,TRUE);
INSERT INTO CONTRATO (ID, DATA_CONTRATO, VALOR_CONTRATO, BANDA_ID, MUSICO_ID, ATIVO) VALUES (RANDOM_UUID(), NOW(), '15000.00', @id_Banda3, @id_Musico11,TRUE);
INSERT INTO CONTRATO (ID, DATA_CONTRATO, VALOR_CONTRATO, BANDA_ID, MUSICO_ID, ATIVO) VALUES (RANDOM_UUID(), NOW(), '15500.00', @id_Banda3, @id_Musico12,TRUE);
